{
  "version": "3.0",
  "defaultProvider": "cdnjs",
  "libraries": [
    {
      "library": "bootstrap@5.3.3",
      "destination": "wwwroot/lib/bootstrap/",
      "files": [
        "js/bootstrap.bundle.min.js",
        "css/bootstrap.min.css"
      ]
    },
    {
      "library": "bootstrap@5.3.0",
      "destination": "wwwroot/lib/bootstrap/bootstrap/",
      "files": [
        "js/bootstrap.min.js",
        "js/bootstrap.bundle.min.js",
        "js/bootstrap.bundle.min.js.map"
      ]
    }
  ]
}